{"cameraMode":{"drawMode":0,"name":"Shaded","section":"Shading Mode"},"sceneLighting":true,"audioPlay":false,"sceneViewState":{"m_AlwaysRefresh":false,"showFog":true,"showSkybox":true,"showFlares":true,"showImageEffects":true,"showParticleSystems":true,"showVisualEffectGraphs":true,"m_FxEnabled":true},"in2DMode":false,"pivot":{"x":33.13193893432617,"y":1.7202320098876954,"z":6.151619911193848},"rotation":{"x":0.0020689871162176134,"y":0.9886342883110046,"z":-0.013653336092829705,"w":0.1497216373682022},"size":1.9810760021209717,"orthographic":false}